<?xml version="1.0" encoding="UTF-8"?>
<project-private xmlns="http://www.netbeans.org/ns/project-private/1">
    <editor-bookmarks xmlns="http://www.netbeans.org/ns/editor-bookmarks/2" lastBookmarkId="0"/>
    <open-files xmlns="http://www.netbeans.org/ns/projectui-open-files/2">
        <group>
            <file>file:/C:/Users/Alienware/OneDrive%20-%20Universidad%20del%20Valle%20de%20Guatemala/SegundoSemestre2023/Digital2/Laboratorio1/PostLab/POST_LAB1.X/Main_POSTLAB1.c</file>
            <file>file:/C:/Users/Alienware/OneDrive%20-%20Universidad%20del%20Valle%20de%20Guatemala/SegundoSemestre2023/Digital2/Laboratorio1/PostLab/POST_LAB1.X/ADC_LIB.h</file>
            <file>file:/C:/Users/Alienware/OneDrive%20-%20Universidad%20del%20Valle%20de%20Guatemala/SegundoSemestre2023/Digital2/Laboratorio1/PostLab/POST_LAB1.X/CONVER_HEXA.h</file>
            <file>file:/C:/Users/Alienware/OneDrive%20-%20Universidad%20del%20Valle%20de%20Guatemala/SegundoSemestre2023/Digital2/Laboratorio1/PostLab/POST_LAB1.X/TMR0_config.h</file>
            <file>file:/C:/Users/Alienware/OneDrive%20-%20Universidad%20del%20Valle%20de%20Guatemala/SegundoSemestre2023/Digital2/Laboratorio1/PostLab/POST_LAB1.X/ADC_LIB.c</file>
            <file>file:/C:/Users/Alienware/OneDrive%20-%20Universidad%20del%20Valle%20de%20Guatemala/SegundoSemestre2023/Digital2/Laboratorio1/PostLab/POST_LAB1.X/oscilador_config.h</file>
            <file>file:/C:/Users/Alienware/OneDrive%20-%20Universidad%20del%20Valle%20de%20Guatemala/SegundoSemestre2023/Digital2/Laboratorio1/PostLab/POST_LAB1.X/CONVER_HEXA.c</file>
            <file>file:/C:/Users/Alienware/OneDrive%20-%20Universidad%20del%20Valle%20de%20Guatemala/SegundoSemestre2023/Digital2/Laboratorio1/PostLab/POST_LAB1.X/TMR0_config.c</file>
            <file>file:/C:/Users/Alienware/OneDrive%20-%20Universidad%20del%20Valle%20de%20Guatemala/SegundoSemestre2023/Digital2/Laboratorio1/PostLab/POST_LAB1.X/oscilador_config.c</file>
        </group>
    </open-files>
</project-private>
